﻿<?xml version="1.0" encoding="utf-8"?>
<document savedInEditor="true" author="" bleedBottom="0 mm" bleedLeft="0 mm" bleedRight="0 mm" bleedTop="0 in" chiliVersion="" copyrightInfoUrl="" copyrightNotice="" description="" documentTitle="" facingPages="false" foldDocIdentifier="" foldSettingID="" threeDModelID="" threeDModelDocIdentifier="" height="11 in" horizontalSpine="false" id="605ad2d5-c869-4e5d-aceb-86c0e328f019" keywords="" initialLayout="2A8B80A6-7891-12F9-4D99-F65A776DAE3F" initialLayoutName="[Default]" name="PGE Letter APN County" path="Sandbox DC\Mail List Templates\PGE Letter APN County.xml" textLanguage="English_US" width="8.5 in" zoom="116">
  <adSettings adSettingsID="" publicationID="" showNoteIcons="false" showNoteOverlays="false" showNoteOverlaysForBlanks="true" showTypeOverlays="true" />
  <alternateLayouts>
    <item id="2A8B80A6-7891-12F9-4D99-F65A776DAE3F" name="[Default]" mobileOutputPurpose="" storyMode="never" />
  </alternateLayouts>
  <baseLineGridOptions increment="4.2333 mm" relativeStart="page_top" top="12.7 mm" />
  <characterStyles>
    <item id="3FDBA879-6156-4708-AE26-47F6DA4A5697" name="[None]" color="0D475955-58E7-4B2F-B4B9-E57E193CD486" colorName="[Black]" epubExportTag="" textOverprint="false">
      <format color="#000000" />
      <underline active="false" color="0D475955-58E7-4B2F-B4B9-E57E193CD486" colorName="[Black]" offset="0mm" weight="1" />
    </item>
  </characterStyles>
  <colors editableInPopup="true">
    <item id="0D475955-58E7-4B2F-B4B9-E57E193CD486" name="[Black]" A="0" applyToSnippets="false" b="0" B2="0" c="0" editableInPopup="inherit" g="0" hexValue="#000000" isDocumentColor="true" k="100" L="0" m="0" r="0" type="CMYK" y="0" />
    <item id="DCA3F375-2665-428F-B667-D9D1605532CB" name="[None]" A="0" applyToSnippets="false" b="0" B2="0" c="0" editableInPopup="inherit" g="0" hexValue="#FEFEFE" isDocumentColor="true" k="0" L="0" m="0" r="0" type="CMYK" y="0" />
    <item id="0B47877B-6CDE-47B1-821E-EA7C0523DB67" name="[White]" A="0" applyToSnippets="false" b="0" B2="0" c="0" editableInPopup="inherit" g="0" hexValue="#FEFEFE" isDocumentColor="true" k="0" L="0" m="0" r="0" type="CMYK" y="0" />
    <item id="D96F8358-DFCE-4F89-B292-C7C94ED9928B" name="" A="0" b="0" B2="0" c="0" g="0" hexValue="#000000" isDocumentColor="false" k="100" L="0" m="0" r="0" type="CMYK" y="0" />
    <item id="165F993D-2AE7-4626-9B4F-7C9DCE4FCDF3" name="" A="0" b="0" B2="0" c="0" g="0" hexValue="#FEFEFE" isDocumentColor="false" k="0" L="0" m="0" r="0" type="CMYK" y="0" />
    <item id="8841097D-98CB-4B50-BB3E-870B43576736" name="" A="0" b="0" B2="0" c="0" g="0" gradientAngle="0" gradientColor1="165F993D-2AE7-4626-9B4F-7C9DCE4FCDF3" gradientColor1Name="" gradientColor2="0D475955-58E7-4B2F-B4B9-E57E193CD486" gradientColor2Name="[Black]" gradientLocation1="0" gradientLocation2="100" gradientType="GRADIENT_LINEAR" hexValue="#000000" isDocumentColor="false" k="100" L="0" m="0" r="0" type="GRADIENT" y="0" />
    <item id="EA45A6D8-A495-455A-8EDC-74F806C1A6C4" name="C=0 M=0 Y=100 K=0" A="0" applyToSnippets="false" b="0" B2="0" c="0" editableInPopup="inherit" g="0" hexValue="#FEF100" isDocumentColor="true" k="0" L="0" m="0" r="0" type="CMYK" y="100" />
    <item id="B2B3AB4F-CFA5-4C48-9333-C4A4B72AA170" name="C=0 M=100 Y=0 K=0" A="0" applyToSnippets="false" b="0" B2="0" c="0" editableInPopup="inherit" g="0" hexValue="#EB008B" isDocumentColor="true" k="0" L="0" m="100" r="0" type="CMYK" y="0" />
    <item id="D80B6A70-0F07-4F26-B8E1-79478A55FD56" name="C=100 M=0 Y=0 K=0" A="0" applyToSnippets="false" b="0" B2="0" c="100" editableInPopup="inherit" g="0" hexValue="#00ADEE" isDocumentColor="true" k="0" L="0" m="0" r="0" type="CMYK" y="0" />
    <item id="33B11C43-D3EB-468D-A81C-B3DF2716CB92" name="C=100 M=90 Y=10 K=0" A="0" applyToSnippets="false" b="0" B2="0" c="100" editableInPopup="inherit" g="0" hexValue="#283D8A" isDocumentColor="true" k="0" L="0" m="90" r="0" type="CMYK" y="10" />
    <item id="B45FD87F-A7BF-411C-9D56-D1B070B9925D" name="C=15 M=100 Y=100 K=0" A="0" applyToSnippets="false" b="0" B2="0" c="15" editableInPopup="inherit" g="0" hexValue="#CF232A" isDocumentColor="true" k="0" L="0" m="100" r="0" type="CMYK" y="100" />
    <item id="DD8D6278-90DE-4E2A-8871-366B91746DE5" name="C=75 M=5 Y=100 K=0" A="0" applyToSnippets="false" b="0" B2="0" c="75" editableInPopup="inherit" g="0" hexValue="#3BAD49" isDocumentColor="true" k="0" L="0" m="5" r="0" type="CMYK" y="100" />
    <item id="7C52316F-FF9E-43A7-8EFA-F57D29A92384" name="Cyan" A="0" applyToSnippets="false" b="0" B2="0" c="100" editableInPopup="inherit" g="0" hexValue="#00ADEE" isDocumentColor="true" k="0" L="0" m="0" r="0" type="CMYK" y="0" />
    <item id="4EB76F67-683A-4CE0-92A2-FA71B9C9EDE4" name="Magenta" A="0" applyToSnippets="false" b="0" B2="0" c="0" editableInPopup="inherit" g="0" hexValue="#EB008B" isDocumentColor="true" k="0" L="0" m="100" r="0" type="CMYK" y="0" />
    <item id="15475A54-8E74-42A5-9CAF-566023A31CFB" name="Registration" A="0" applyToSnippets="false" b="0" B2="0" c="100" editableInPopup="inherit" g="0" hexValue="#000000" isDocumentColor="true" k="100" L="0" m="100" r="0" type="CMYK" y="100" />
    <item id="68A7D3D2-2B7C-43F3-8A4A-852CD436D42E" name="Word_R0_G0_B0" A="0" applyToSnippets="false" b="0" B2="0" c="0" editableInPopup="inherit" g="0" hexValue="#000000" isDocumentColor="true" k="100" L="0" m="0" r="0" type="RGB" y="0" />
    <item id="77BEABF7-F0B0-49A5-A6C7-0C08ADA63D3E" name="Word_R0_G0_B255" A="0" applyToSnippets="false" b="255" B2="0" c="0" editableInPopup="inherit" g="0" hexValue="#0000FF" isDocumentColor="true" k="100" L="0" m="0" r="0" type="RGB" y="0" />
    <item id="9CA3D9A8-E98B-4E32-8002-8C3D7A1286D4" name="Word_R110_G110_B110" A="0" applyToSnippets="false" b="110" B2="0" c="0" editableInPopup="inherit" g="110" hexValue="#6E6E6E" isDocumentColor="true" k="100" L="0" m="0" r="110" type="RGB" y="0" />
    <item id="F80D9ECD-93E6-4CE4-99A8-275CE9D504C0" name="Word_R128_G0_B128" A="0" applyToSnippets="false" b="128" B2="0" c="0" editableInPopup="inherit" g="0" hexValue="#800080" isDocumentColor="true" k="100" L="0" m="0" r="128" type="RGB" y="0" />
    <item id="D6426FFB-F29B-4BAE-AB21-D292D45729B0" name="Word_R128_G128_B128" A="0" applyToSnippets="false" b="128" B2="0" c="0" editableInPopup="inherit" g="128" hexValue="#808080" isDocumentColor="true" k="100" L="0" m="0" r="128" type="RGB" y="0" />
    <item id="78864983-42B5-428C-B9E2-D88C326F76D5" name="Word_R178_G178_B178" A="0" applyToSnippets="false" b="178" B2="0" c="0" editableInPopup="inherit" g="178" hexValue="#B2B2B2" isDocumentColor="true" k="100" L="0" m="0" r="178" type="RGB" y="0" />
    <item id="28D65FEA-E4AC-4915-B4B4-C6A23624A461" name="Word_R221_G221_B221" A="0" applyToSnippets="false" b="221" B2="0" c="0" editableInPopup="inherit" g="221" hexValue="#DDDDDD" isDocumentColor="true" k="100" L="0" m="0" r="221" type="RGB" y="0" />
    <item id="425709ED-C0C2-4054-9D7B-EFEF88997E56" name="Word_R35_G31_B32" A="0" applyToSnippets="false" b="32" B2="0" c="0" editableInPopup="inherit" g="31" hexValue="#231F20" isDocumentColor="true" k="100" L="0" m="0" r="35" type="RGB" y="0" />
    <item id="94433D34-52E4-40ED-8B05-8C589BAE01C9" name="Word_R64_G64_B64" A="0" applyToSnippets="false" b="64" B2="0" c="0" editableInPopup="inherit" g="64" hexValue="#404040" isDocumentColor="true" k="100" L="0" m="0" r="64" type="RGB" y="0" />
    <item id="07332994-572C-4C1D-8923-9D7BEDCFD6B7" name="Yellow" A="0" applyToSnippets="false" b="0" B2="0" c="0" editableInPopup="inherit" g="0" hexValue="#FEF100" isDocumentColor="true" k="0" L="0" m="0" r="0" type="CMYK" y="100" />
  </colors>
  <constraints keepProportions="false" lockFirstNumPages="0" lockLastNumPages="0" />
  <dataSource dataSourceID="83c0e1d6-7988-4c52-8f6e-fa1d312044d4" fileName="blank template.xls" hasContent="true" lastLoadedQueryString="doc=16468755-07a1-4225-9d5b-87cd3f2e703a&amp;apiKey=A+W4uacLoWvrVbuA_cAWk_CQ3Wgr08VIuSNHLoQHcmwjMVS0RDmizeO7hpHilS7u08rYPeSXi1EyrGPQ8E1jHQe0HkTNB7o00rzdwDeCyDVvWR36cHKjVA==&amp;enable3D=true" numRows="2" selectedFile="" selectedQuery="" selectedSpreadsheet="" xmlString="">
    <content>
      <dataSource>
        <row rowNum="1">
          <col1 varName="CUSTOMER_NAME">&lt;Full Name&gt;</col1>
          <col2 varName="PREM_ADDRESS1">&lt;Address 1&gt;</col2>
          <col3 varName="PREM_ADDRESS2">&lt;Address 2&gt;</col3>
          <col4 varName="PREM_CITY">&lt;City&gt;</col4>
          <col5 varName="PREM_STATE">&lt;ST&gt;</col5>
          <col6 varName="PREM_POSTAL">&lt;ZIP&gt;</col6>
          <col7 varName="SEQUENCE_NUMBER" />
          <col8 varName="BAR_CODE" />
          <col9 varName="Indicia" />
          <col10 varName="County">&lt;County&gt;</col10>
          <col11 varName="APN_Formatted">&lt;APN&gt;</col11>
        </row>
        <row rowNum="2">
          <col1 varName="CUSTOMER_NAME">Current Resident</col1>
          <col2 varName="PREM_ADDRESS1">456 Park Avenue</col2>
          <col3 varName="PREM_ADDRESS2" />
          <col4 varName="PREM_CITY">New York</col4>
          <col5 varName="PREM_STATE">NY</col5>
          <col6 varName="PREM_POSTAL">67890</col6>
          <col7 varName="SEQUENCE_NUMBER" />
          <col8 varName="BAR_CODE" />
          <col9 varName="Indicia" />
          <col10 varName="County" />
          <col11 varName="APN_Formatted" />
        </row>
      </dataSource>
    </content>
  </dataSource>
  <fonts>
    <item id="c7d44791-cd9d-4c5e-aa26-b1c805ab7221" name="Arial Regular" family="Arial" style="Regular" swfURL="" />
    <item id="0dac5adb-feef-46c9-9e0a-61a440c8d8a9" name="DIN Regular" family="DIN" style="Regular" swfURL="" />
    <item id="e448e2cb-752d-4ba8-9940-0d363f10e71b" name="Minion Pro Regular" family="Minion Pro" style="Regular" swfURL="" />
    <item id="0406932f-4df8-46a8-9fd8-6e57c1a759da" name="Times New Roman Bold" family="Times New Roman" style="Bold" swfURL="" />
    <item id="03a077a6-a939-4348-82bd-73fd099a841f" name="Times New Roman Regular" family="Times New Roman" style="Regular" swfURL="" />
    <item id="b224b8fb-14fb-4d16-bee5-14814975e42b" name="USPSIMBStandard Standard" family="USPSIMBStandard" style="Standard" swfURL="" />
  </fonts>
  <frameContentConstraints allowedBorderColors="" allowedCharacterStyles="" allowedFillColors="" allowedFonts="" allowedImageFitModes="" allowedParagraphStyles="" allowedTextColors="" fontInputType="numeric" fontPulldownValues="6;8;10;12;16;24;36;72" fontStepSize="1" hasAppliedConstraint="false" limitBorderColors="inherit" limitCharacterStyles="inherit" limitFillColors="inherit" limitFonts="inherit" limitFontSize="inherit" limitImageFitModes="inherit" limitParagraphStyles="inherit" limitTextColors="inherit" maxFontSize="5000" minFontSize="0.1" />
  <importWarnings extensionVersion="undefined" importDate="Wed Mar 22 2017 09:11:11 GMT-0500" importedBy="Unknown User Name" importedFrom="Adobe InDesign 11.4.1.102" originalPath="/Creative_Library/Kadena/PG&amp;E/untitled%20folder/PGE%20Letter%20APN%20County.indd" />
  <layers>
    <item id="495FACB6-8316-4A2F-9890-897C48333A60" name="Layer 1" contentType="" isHelpLayer="false" moveRegion="" noTextWrapIfInvisible="false" printing="true" textLanguage="" visible="true">
      <frameConstraints hasAppliedConstraint="true" lockContent="yes_users" lockDelete="yes_users" lockFrameSettings="yes_users" lockMoveHorizontal="yes_users" lockMoveVertical="yes_users" lockResizeHorizontal="yes_users" lockResizeVertical="yes_users" lockRotate="yes_users" />
      <frameContentConstraints allowedBorderColors="" allowedCharacterStyles="" allowedFillColors="" allowedFonts="" allowedImageFitModes="" allowedParagraphStyles="" allowedTextColors="" fontInputType="numeric" fontPulldownValues="6;8;10;12;16;24;36;72" fontStepSize="1" hasAppliedConstraint="false" limitBorderColors="inherit" limitCharacterStyles="inherit" limitFillColors="inherit" limitFonts="inherit" limitFontSize="inherit" limitImageFitModes="inherit" limitParagraphStyles="inherit" limitTextColors="inherit" maxFontSize="5000" minFontSize="0.1" />
    </item>
  </layers>
  <pages numIncludedPages="2">
    <item includeInOutputComputed="true" id="0D909F8F-3C69-491B-ADC3-415D85CA4033" name="1" contentType="" explicitMarginLeft="25.4 mm" explicitMarginRight="12.7 mm" includeInOutput="true" marginBottom="12.7 mm" marginLeft="25.4 mm" marginRight="12.7 mm" marginTop="12.7 mm">
      <frameContentConstraints allowedBorderColors="" allowedCharacterStyles="" allowedFillColors="" allowedFonts="" allowedImageFitModes="" allowedParagraphStyles="" allowedTextColors="" fontInputType="numeric" fontPulldownValues="6;8;10;12;16;24;36;72" fontStepSize="1" hasAppliedConstraint="false" limitBorderColors="inherit" limitCharacterStyles="inherit" limitFillColors="inherit" limitFonts="inherit" limitFontSize="inherit" limitImageFitModes="inherit" limitParagraphStyles="inherit" limitTextColors="inherit" maxFontSize="5000" minFontSize="0.1" />
      <frames>
        <item id="72F66CD9-1D86-4EC5-8EB3-94366220F548" name="New Frame" altText="" blendMode="normal" contentBottom="0 in" contentHeight="10.9998 in" contentRight="0 in" contentWidth="8.4999 in" contentX="0 in" contentY="0 in" exportTag="" hasBorder="false" hasDropShadow="false" hasFill="false" height="10.9998 in" includeInMobileStory="true" isCell="false" isInline="false" layer="495FACB6-8316-4A2F-9890-897C48333A60" layerName="Layer 1" minHeight="0" minWidth="0" mobileStoryIndex="0" moveRegion="" preserveAspectRatio="false" rotatedBoundsPt="0;0;611.9927999999999;791.9856;" type="image" width="8.4999 in" wrapText="false" x="0 in" y="0 in" box="B7967D35-5A91-1283-6321-F65E33ACE260" boxName="Full" boxBottom="true" boxLeft="true" boxRight="true" boxTop="true" clipHeight="10.9998 in" clipWidth="8.4999 in" clipX="0 in" clipY="0 in" displayQuality="" dynamicAssetProviderData="" dynamicAssetProviderID="" fitMode="manual" fitPoint="center" hasClippingPath="false" hasContent="false" hasFrameClippingPath="false" imageFlip="" imgHeight="279.4 mm" imgRotation="0" imgWidth="215.9 mm" imgX="0 mm" imgY="0 mm" initialPreviewQuality="low" manualFitConstraint="" numPages="48" pageNum="1" path="" placedAssetType="none" previewURL="" progressivePreviews="" realHeight="190.08" realHeightPixels="792" realResolution="300" realWidth="146.88" realWidthPixels="612" variable="C76220F7-55AC-D76A-279C-F65C69C8DE82" variableName="Page 1">
          <frameContentConstraints allowedBorderColors="" allowedCharacterStyles="" allowedFillColors="" allowedFonts="" allowedImageFitModes="" allowedParagraphStyles="" allowedTextColors="" fontInputType="numeric" fontPulldownValues="6;8;10;12;16;24;36;72" fontStepSize="1" hasAppliedConstraint="false" limitBorderColors="inherit" limitCharacterStyles="inherit" limitFillColors="inherit" limitFonts="inherit" limitFontSize="inherit" limitImageFitModes="inherit" limitParagraphStyles="inherit" limitTextColors="inherit" maxFontSize="5000" minFontSize="0.1" />
          <boxes>
            <item id="B7967D35-5A91-1283-6321-F65E33ACE260" name="Full" height="1" width="1" x="0" y="0" />
          </boxes>
          <metaData>
            <item id="4ADB3D11-3DFA-A147-4B03-F65E33AD8E65" name="Width (px)" value="612" />
            <item id="D7092B60-FBFD-81F3-01BE-F65E33AE7735" name="Height (px)" value="792" />
            <item id="9141BAA2-E45E-FF22-0898-F65E33AEDE85" name="Pages" value="48" />
          </metaData>
        </item>
        <item id="1961D366-AE2D-4E28-B299-283A2D4DBECC" name="New Frame 1" altText="" blendMode="normal" contentBottom="0 in" contentHeight="1.4197 in" contentRight="0 in" contentWidth="4.0199 in" contentX="0 in" contentY="0 in" exportTag="" fillColor="0B47877B-6CDE-47B1-821E-EA7C0523DB67" fillColorName="[White]" fillOverprint="false" hasBorder="false" hasDropShadow="false" hasFill="true" height="1.4197 in" includeInMobileStory="true" isCell="false" isInline="false" layer="495FACB6-8316-4A2F-9890-897C48333A60" layerName="Layer 1" minHeight="0" minWidth="0" mobileStoryIndex="0" moveRegion="" preserveAspectRatio="false" rotatedBoundsPt="50.39999999999999;113.94000000000001;289.43279999999993;102.2184;" type="image" width="4.0199 in" wrapText="false" x="0.7 in" y="1.5825 in" box="32B0CAF4-361E-43C8-921D-C9A69EB080A7" boxName="Full" boxBottom="true" boxLeft="true" boxRight="true" boxTop="true" clipHeight="1.4197 in" clipWidth="1.4197 in" clipX="0 in" clipY="0 in" displayQuality="" dynamicAssetProviderData="" dynamicAssetProviderID="" fitMode="proportional" fitPoint="center" hasClippingPath="false" hasContent="false" hasFrameClippingPath="false" imageFlip="" imgHeight="1.4197 in" imgRotation="0" imgWidth="1.4197 in" imgX="1.3001 in" imgY="0 in" initialPreviewQuality="low" manualFitConstraint="" numPages="1" pageNum="1" path="undefined" placedAssetType="none" previewURL="" progressivePreviews="" realHeight="100" realHeightPixels="100" realWidth="100" realWidthPixels="100">
          <frameContentConstraints allowedBorderColors="" allowedCharacterStyles="" allowedFillColors="" allowedFonts="" allowedImageFitModes="" allowedParagraphStyles="" allowedTextColors="" fontInputType="numeric" fontPulldownValues="6;8;10;12;16;24;36;72" fontStepSize="1" hasAppliedConstraint="false" limitBorderColors="inherit" limitCharacterStyles="inherit" limitFillColors="inherit" limitFonts="inherit" limitFontSize="inherit" limitImageFitModes="inherit" limitParagraphStyles="inherit" limitTextColors="inherit" maxFontSize="5000" minFontSize="0.1" />
          <boxes>
            <item id="32B0CAF4-361E-43C8-921D-C9A69EB080A7" name="Full" height="1" width="1" x="0" y="0" />
          </boxes>
        </item>
        <item id="80CFF925-A2FD-4AB8-86BB-E1045B8D034B" name="New Frame 2" altText="" blendMode="normal" contentBottom="0 in" contentHeight="0.3755 in" contentRight="0 in" contentWidth="3.4699 in" contentX="0 in" contentY="0 in" exportTag="" hasBorder="false" hasDropShadow="false" hasFill="false" height="0.3755 in" includeInMobileStory="true" insetBottom="0 in" insetLeft="0 in" insetRight="0 in" insetTop="0 in" isCell="false" isInline="false" layer="495FACB6-8316-4A2F-9890-897C48333A60" layerName="Layer 1" minHeight="0" minWidth="0" mobileStoryIndex="0" moveRegion="" preserveAspectRatio="false" rotatedBoundsPt="72;183.96;249.83279999999996;27.036000000000005;" type="text" width="3.4699 in" wrapText="false" x="1 in" y="2.555 in" applyCopyFitting="false" copyFittingMaxLines="-1" autoGrowFrame="false" autoGrowRestrictToPage="true" baseLineGridUseCustom="false" chainFirstFrame="80CFF925-A2FD-4AB8-86BB-E1045B8D034B" chainFirstFrameName="New Frame 2" chainLastFrame="80CFF925-A2FD-4AB8-86BB-E1045B8D034B" chainLastFrameName="New Frame 2" columnGap="4.2333 mm" columns="1" hasClippingPath="false" hasOverflow="false" hasTextStroke="false" ignoreWrap="false" isVariable="true" removeEmptyParagraphs="false" textLineGraphicsBack="&lt;items/&gt;" textLineGraphicsTop="&lt;items/&gt;" textLines="&lt;textLines&gt;&lt;line x=&quot;0&quot; y=&quot;11.984375&quot; height=&quot;15.015625&quot; width=&quot;0&quot;&gt;&lt;span x=&quot;0&quot; height=&quot;11.6484375&quot; fontSize=&quot;16&quot; fontFamily=&quot;Arial_Regular&quot; y=&quot;0&quot; color=&quot;0D475955-58E7-4B2F-B4B9-E57E193CD486&quot; width=&quot;0&quot; charPositions=&quot;0;&quot; glyphIDs=&quot;3033;&quot; glyphPositions=&quot;0;&quot;&gt;&amp;#8203;&lt;/span&gt;&lt;/line&gt;&lt;/textLines&gt;" textOnPath="false" verticalAlign="bottom">
          <frameContentConstraints allowedBorderColors="" allowedCharacterStyles="" allowedFillColors="" allowedFonts="" allowedImageFitModes="" allowedParagraphStyles="" allowedTextColors="" fontInputType="numeric" fontPulldownValues="6;8;10;12;16;24;36;72" fontStepSize="1" hasAppliedConstraint="false" limitBorderColors="inherit" limitCharacterStyles="inherit" limitFillColors="inherit" limitFonts="inherit" limitFontSize="inherit" limitImageFitModes="inherit" limitParagraphStyles="inherit" limitTextColors="inherit" maxFontSize="5000" minFontSize="0.1" />
          <baseLineGridOptions relativeStart="page_top" />
          <displayTextFlow>
            <TextFlow xmlns="http://ns.adobe.com/textLayout/2008" fontFamily="Arial_Regular" breakOpportunity="auto" columnCount="inherit" columnGap="inherit" columnWidth="inherit" fontLookup="embeddedCFF" lineBreak="inherit" paddingBottom="inherit" paddingLeft="inherit" paddingRight="inherit" paddingTop="inherit" renderingMode="cff" verticalAlign="inherit" whiteSpaceCollapse="preserve">
              <p fontFamily="Arial_Regular" fontSize="16" color="#000000" trackingRight="0" typographicCase="default" baselineShift="0" direction="ltr" paragraphStartIndent="0" paragraphEndIndent="0" textIndent="0" paragraphSpaceBefore="2.88" paragraphSpaceAfter="0" textAlign="left" textAlignLast="left" my_color="0D475955-58E7-4B2F-B4B9-E57E193CD486" my_paragraphStyle="955860A0-F139-4420-8B66-FBE15B46DDBF">
                <span fontFamily="Arial_Regular" color="#000000" trackingLeft="0" lineHeight="0%" kerning="on" my_color="0D475955-58E7-4B2F-B4B9-E57E193CD486" textOverprint="false">​</span>
              </p>
            </TextFlow>
          </displayTextFlow>
          <textFlow>
            <TextFlow xmlns="http://ns.adobe.com/textLayout/2008" fontFamily="Arial_Regular" breakOpportunity="auto" columnCount="inherit" columnGap="inherit" columnWidth="inherit" fontLookup="embeddedCFF" lineBreak="inherit" paddingBottom="inherit" paddingLeft="inherit" paddingRight="inherit" paddingTop="inherit" renderingMode="cff" verticalAlign="inherit" whiteSpaceCollapse="preserve">
              <p fontFamily="USPSIMBStandard_Standard" fontSize="16" color="#000000" trackingRight="0" typographicCase="default" baselineShift="0" direction="ltr" paragraphStartIndent="0" paragraphEndIndent="0" textIndent="0" paragraphSpaceBefore="2.88" paragraphSpaceAfter="0" textAlign="left" textAlignLast="left" my_color="0D475955-58E7-4B2F-B4B9-E57E193CD486" my_paragraphStyle="955860A0-F139-4420-8B66-FBE15B46DDBF">
                <span color="#000000" trackingLeft="0" lineHeight="0%" kerning="on" my_color="0D475955-58E7-4B2F-B4B9-E57E193CD486" textOverprint="false">%BAR_CODE%</span>
              </p>
            </TextFlow>
          </textFlow>
        </item>
        <item id="4DA5CC66-CC41-41A1-A51D-8059EB7CF2C4" name="New Frame 3" altText="" blendMode="normal" contentBottom="0 in" contentHeight="0.9725 in" contentRight="0 in" contentWidth="3.4699 in" contentX="0 in" contentY="0 in" exportTag="" hasBorder="false" hasDropShadow="false" hasFill="false" height="0.9725 in" includeInMobileStory="true" insetBottom="0 in" insetLeft="0 in" insetRight="0 in" insetTop="0 in" isCell="false" isInline="false" layer="495FACB6-8316-4A2F-9890-897C48333A60" layerName="Layer 1" minHeight="0" minWidth="0" mobileStoryIndex="0" moveRegion="" preserveAspectRatio="false" rotatedBoundsPt="72;113.94000000000001;249.83279999999996;70.02;" type="text" width="3.4699 in" wrapText="false" x="1 in" y="1.5825 in" applyCopyFitting="true" applyCopyFittingOnOverflowOnly="true" copyFittingMaxPercentage="100" copyFittingMinPercentage="25" copyFittingAppliedPercentage="100" copyFittingMaxLines="-1" copyFittingInlineElementWidth="true" copyFittingInlineElementHeight="true" autoGrowFrame="false" autoGrowRestrictToPage="true" baseLineGridUseCustom="false" chainFirstFrame="4DA5CC66-CC41-41A1-A51D-8059EB7CF2C4" chainFirstFrameName="New Frame 3" chainLastFrame="4DA5CC66-CC41-41A1-A51D-8059EB7CF2C4" chainLastFrameName="New Frame 3" columnGap="4.2333 mm" columns="1" hasClippingPath="false" hasOverflow="false" hasTextStroke="false" ignoreWrap="false" isVariable="true" removeEmptyParagraphs="false" textLineGraphicsBack="&lt;items/&gt;" textLineGraphicsTop="&lt;items/&gt;" textLines="&lt;textLines&gt;&lt;line x=&quot;0&quot; y=&quot;10.615234375&quot; height=&quot;9.384765625&quot; width=&quot;0&quot;&gt;&lt;span x=&quot;0&quot; height=&quot;7.2802734375&quot; fontSize=&quot;10&quot; fontFamily=&quot;Arial_Regular&quot; y=&quot;0&quot; color=&quot;0D475955-58E7-4B2F-B4B9-E57E193CD486&quot; width=&quot;0&quot; charPositions=&quot;0;&quot; glyphIDs=&quot;3033;&quot; glyphPositions=&quot;0;&quot;&gt;&amp;#8203;&lt;/span&gt;&lt;/line&gt;&lt;line x=&quot;0&quot; y=&quot;20.615234375&quot; height=&quot;9.384765625&quot; width=&quot;67.431640625&quot;&gt;&lt;span x=&quot;0&quot; height=&quot;7.2802734375&quot; fontSize=&quot;10&quot; fontFamily=&quot;Arial_Regular&quot; y=&quot;0&quot; color=&quot;0D475955-58E7-4B2F-B4B9-E57E193CD486&quot; width=&quot;67.431640625&quot; charPositions=&quot;0;5.84;11.948;19.17;24.731;29.922;32.7;39.922;46.592;54.922;61.592;&quot; glyphIDs=&quot;31;41;56;47;47;3;49;36;48;40;33;&quot; glyphPositions=&quot;0;5.839844;11.948242;19.169922;24.731445;29.921875;32.700195;39.921875;46.591797;54.921875;61.591797;&quot;&gt;&amp;lt;FULL NAME&amp;gt;&lt;/span&gt;&lt;/line&gt;&lt;line x=&quot;0&quot; y=&quot;30.615234375&quot; height=&quot;9.384765625&quot; width=&quot;124.6337890625&quot;&gt;&lt;span x=&quot;0&quot; height=&quot;7.2802734375&quot; fontSize=&quot;10&quot; fontFamily=&quot;Arial_Regular&quot; y=&quot;0&quot; color=&quot;0D475955-58E7-4B2F-B4B9-E57E193CD486&quot; width=&quot;124.6337890625&quot; charPositions=&quot;0;7.778;15;17.778;25;32.222;39.443;46.665;53.335;60.557;66.484;69.263;77.041;84.263;91.484;98.706;104.634;111.304;118.525;&quot; glyphIDs=&quot;50;53;3;38;56;53;53;40;49;55;3;50;38;38;56;51;36;49;55;&quot; glyphPositions=&quot;0;7.77832;15;17.77832;25;32.22168;39.443359;46.665039;53.334961;60.556641;66.484375;69.262695;77.041016;84.262695;91.484375;98.706055;104.633789;111.303711;118.525391;&quot;&gt;OR CURRENT OCCUPANT&lt;/span&gt;&lt;/line&gt;&lt;line x=&quot;0&quot; y=&quot;40.615234375&quot; height=&quot;9.384765625&quot; width=&quot;68.3642578125&quot;&gt;&lt;span x=&quot;0&quot; height=&quot;7.2802734375&quot; fontSize=&quot;10&quot; fontFamily=&quot;Arial_Regular&quot; y=&quot;0&quot; color=&quot;0D475955-58E7-4B2F-B4B9-E57E193CD486&quot; width=&quot;68.3642578125&quot; charPositions=&quot;0;5.84;12.51;19.731;26.953;34.175;40.845;47.515;54.185;56.963;62.524;&quot; glyphIDs=&quot;31;36;39;39;53;40;54;54;3;20;33;&quot; glyphPositions=&quot;0;5.839844;12.509766;19.731445;26.953125;34.174805;40.844727;47.514648;54.18457;56.962891;62.524414;&quot;&gt;&amp;lt;ADDRESS 1&amp;gt;&lt;/span&gt;&lt;/line&gt;&lt;line x=&quot;0&quot; y=&quot;50.615234375&quot; height=&quot;9.384765625&quot; width=&quot;68.3642578125&quot;&gt;&lt;span x=&quot;0&quot; height=&quot;7.2802734375&quot; fontSize=&quot;10&quot; fontFamily=&quot;Arial_Regular&quot; y=&quot;0&quot; color=&quot;0D475955-58E7-4B2F-B4B9-E57E193CD486&quot; width=&quot;68.3642578125&quot; charPositions=&quot;0;5.84;12.51;19.731;26.953;34.175;40.845;47.515;54.185;56.963;62.524;&quot; glyphIDs=&quot;31;36;39;39;53;40;54;54;3;21;33;&quot; glyphPositions=&quot;0;5.839844;12.509766;19.731445;26.953125;34.174805;40.844727;47.514648;54.18457;56.962891;62.524414;&quot;&gt;&amp;lt;ADDRESS 2&amp;gt;&lt;/span&gt;&lt;/line&gt;&lt;line x=&quot;0&quot; y=&quot;60.615234375&quot; height=&quot;9.384765625&quot; width=&quot;94.4873046875&quot;&gt;&lt;span x=&quot;0&quot; height=&quot;7.2802734375&quot; fontSize=&quot;10&quot; fontFamily=&quot;Arial_Regular&quot; y=&quot;0&quot; color=&quot;0D475955-58E7-4B2F-B4B9-E57E193CD486&quot; width=&quot;94.4873046875&quot; charPositions=&quot;0;5.84;13.062;15.84;21.948;28.618;34.458;37.236;43.076;49.746;55.854;61.694;64.473;67.251;73.091;79.199;81.978;88.647;&quot; glyphIDs=&quot;31;38;44;55;60;33;3;31;54;55;33;3;3;31;61;44;51;33;&quot; glyphPositions=&quot;0;5.839844;13.061523;15.839844;21.948242;28.618164;34.458008;37.236328;43.076172;49.746094;55.854492;61.694336;64.472656;67.250977;73.09082;79.199219;81.977539;88.647461;&quot;&gt;&amp;lt;CITY&amp;gt; &amp;lt;ST&amp;gt;  &amp;lt;ZIP&amp;gt;&lt;/span&gt;&lt;/line&gt;&lt;/textLines&gt;" textOnPath="false" verticalAlign="bottom">
          <frameContentConstraints allowedBorderColors="" allowedCharacterStyles="" allowedFillColors="" allowedFonts="" allowedImageFitModes="" allowedParagraphStyles="" allowedTextColors="" fontInputType="numeric" fontPulldownValues="6;8;10;12;16;24;36;72" fontStepSize="1" hasAppliedConstraint="false" limitBorderColors="inherit" limitCharacterStyles="inherit" limitFillColors="inherit" limitFonts="inherit" limitFontSize="inherit" limitImageFitModes="inherit" limitParagraphStyles="inherit" limitTextColors="inherit" maxFontSize="5000" minFontSize="0.1" />
          <baseLineGridOptions relativeStart="page_top" />
          <displayTextFlow>
            <TextFlow xmlns="http://ns.adobe.com/textLayout/2008" fontFamily="Arial_Regular" breakOpportunity="auto" columnCount="inherit" columnGap="inherit" columnWidth="inherit" fontLookup="embeddedCFF" lineBreak="inherit" paddingBottom="inherit" paddingLeft="inherit" paddingRight="inherit" paddingTop="inherit" renderingMode="cff" verticalAlign="inherit" whiteSpaceCollapse="preserve">
              <p fontFamily="Arial_Regular" fontSize="10" color="#000000" trackingRight="0" typographicCase="default" baselineShift="0" direction="ltr" paragraphStartIndent="0" paragraphEndIndent="0" textIndent="0" paragraphSpaceBefore="0" paragraphSpaceAfter="0" textAlign="left" textAlignLast="left" my_color="0D475955-58E7-4B2F-B4B9-E57E193CD486" my_paragraphStyle="955860A0-F139-4420-8B66-FBE15B46DDBF">
                <span fontSize="10" color="#000000" trackingLeft="0" typographicCase="uppercase" lineHeight="100%" kerning="on" my_color="0D475955-58E7-4B2F-B4B9-E57E193CD486" textOverprint="false" copyfit_origSize="10">​</span>
              </p>
              <p fontFamily="Arial_Regular" fontSize="10" color="#000000" trackingRight="0" typographicCase="default" baselineShift="0" direction="ltr" paragraphStartIndent="0" paragraphEndIndent="0" textIndent="0" paragraphSpaceBefore="0" paragraphSpaceAfter="0" textAlign="left" textAlignLast="left" my_color="0D475955-58E7-4B2F-B4B9-E57E193CD486" my_paragraphStyle="955860A0-F139-4420-8B66-FBE15B46DDBF">
                <span fontSize="10" color="#000000" trackingLeft="0" typographicCase="uppercase" lineHeight="100%" kerning="on" my_color="0D475955-58E7-4B2F-B4B9-E57E193CD486" textOverprint="false" copyfit_origSize="10">&lt;Full Name&gt;</span>
              </p>
              <p fontFamily="Arial_Regular" fontSize="10" color="#000000" trackingRight="0" typographicCase="default" baselineShift="0" direction="ltr" paragraphStartIndent="0" paragraphEndIndent="0" textIndent="0" paragraphSpaceBefore="0" paragraphSpaceAfter="0" textAlign="left" textAlignLast="left" my_color="0D475955-58E7-4B2F-B4B9-E57E193CD486" my_paragraphStyle="955860A0-F139-4420-8B66-FBE15B46DDBF">
                <span fontSize="10" color="#000000" trackingLeft="0" typographicCase="uppercase" lineHeight="100%" kerning="on" my_color="0D475955-58E7-4B2F-B4B9-E57E193CD486" textOverprint="false" copyfit_origSize="10">OR CURRENT OCCUPANT</span>
              </p>
              <p fontFamily="Arial_Regular" fontSize="10" color="#000000" trackingRight="0" typographicCase="default" baselineShift="0" direction="ltr" paragraphStartIndent="0" paragraphEndIndent="0" textIndent="0" paragraphSpaceBefore="0" paragraphSpaceAfter="0" textAlign="left" textAlignLast="left" my_color="0D475955-58E7-4B2F-B4B9-E57E193CD486" my_paragraphStyle="955860A0-F139-4420-8B66-FBE15B46DDBF">
                <span fontSize="10" color="#000000" trackingLeft="0" typographicCase="uppercase" lineHeight="100%" kerning="on" my_color="0D475955-58E7-4B2F-B4B9-E57E193CD486" textOverprint="false" copyfit_origSize="10">&lt;Address 1&gt;</span>
              </p>
              <p fontFamily="Arial_Regular" fontSize="10" color="#000000" trackingRight="0" typographicCase="default" baselineShift="0" direction="ltr" paragraphStartIndent="0" paragraphEndIndent="0" textIndent="0" paragraphSpaceBefore="0" paragraphSpaceAfter="0" textAlign="left" textAlignLast="left" my_color="0D475955-58E7-4B2F-B4B9-E57E193CD486" my_paragraphStyle="955860A0-F139-4420-8B66-FBE15B46DDBF">
                <span fontSize="10" color="#000000" trackingLeft="0" typographicCase="uppercase" lineHeight="100%" kerning="on" my_color="0D475955-58E7-4B2F-B4B9-E57E193CD486" textOverprint="false" copyfit_origSize="10">&lt;Address 2&gt;</span>
              </p>
              <p fontFamily="Arial_Regular" fontSize="10" color="#000000" trackingRight="0" typographicCase="default" baselineShift="0" direction="ltr" paragraphStartIndent="0" paragraphEndIndent="0" textIndent="0" paragraphSpaceBefore="0" paragraphSpaceAfter="0" textAlign="left" textAlignLast="left" my_color="0D475955-58E7-4B2F-B4B9-E57E193CD486" my_paragraphStyle="955860A0-F139-4420-8B66-FBE15B46DDBF">
                <span fontSize="10" color="#000000" trackingLeft="0" typographicCase="uppercase" lineHeight="100%" kerning="on" my_color="0D475955-58E7-4B2F-B4B9-E57E193CD486" textOverprint="false" copyfit_origSize="10">&lt;City&gt; &lt;ST&gt;  &lt;ZIP&gt;</span>
              </p>
            </TextFlow>
          </displayTextFlow>
          <textFlow>
            <TextFlow xmlns="http://ns.adobe.com/textLayout/2008" fontFamily="Arial_Regular" breakOpportunity="auto" columnCount="inherit" columnGap="inherit" columnWidth="inherit" fontLookup="embeddedCFF" lineBreak="inherit" paddingBottom="inherit" paddingLeft="inherit" paddingRight="inherit" paddingTop="inherit" renderingMode="cff" verticalAlign="inherit" whiteSpaceCollapse="preserve">
              <p fontFamily="Arial_Regular" fontSize="10" color="#000000" trackingRight="0" typographicCase="default" baselineShift="0" direction="ltr" paragraphStartIndent="0" paragraphEndIndent="0" textIndent="0" paragraphSpaceBefore="0" paragraphSpaceAfter="0" textAlign="left" textAlignLast="left" my_color="0D475955-58E7-4B2F-B4B9-E57E193CD486" my_paragraphStyle="955860A0-F139-4420-8B66-FBE15B46DDBF">
                <span color="#000000" trackingLeft="0" typographicCase="uppercase" lineHeight="100%" kerning="on" my_color="0D475955-58E7-4B2F-B4B9-E57E193CD486" textOverprint="false">%SEQUENCE_NUMBER%</span>
              </p>
              <p fontFamily="Arial_Regular" fontSize="10" color="#000000" trackingRight="0" typographicCase="default" baselineShift="0" direction="ltr" paragraphStartIndent="0" paragraphEndIndent="0" textIndent="0" paragraphSpaceBefore="0" paragraphSpaceAfter="0" textAlign="left" textAlignLast="left" my_color="0D475955-58E7-4B2F-B4B9-E57E193CD486" my_paragraphStyle="955860A0-F139-4420-8B66-FBE15B46DDBF">
                <span color="#000000" trackingLeft="0" typographicCase="uppercase" lineHeight="100%" kerning="on" my_color="0D475955-58E7-4B2F-B4B9-E57E193CD486" textOverprint="false">%CUSTOMER_NAME%</span>
              </p>
              <p fontFamily="Arial_Regular" fontSize="10" color="#000000" trackingRight="0" typographicCase="default" baselineShift="0" direction="ltr" paragraphStartIndent="0" paragraphEndIndent="0" textIndent="0" paragraphSpaceBefore="0" paragraphSpaceAfter="0" textAlign="left" textAlignLast="left" my_color="0D475955-58E7-4B2F-B4B9-E57E193CD486" my_paragraphStyle="955860A0-F139-4420-8B66-FBE15B46DDBF">
                <span color="#000000" trackingLeft="0" typographicCase="uppercase" lineHeight="100%" kerning="on" my_color="0D475955-58E7-4B2F-B4B9-E57E193CD486" textOverprint="false">%PREM_ADDRESS1%</span>
              </p>
              <p fontFamily="Arial_Regular" fontSize="10" color="#000000" trackingRight="0" typographicCase="default" baselineShift="0" direction="ltr" paragraphStartIndent="0" paragraphEndIndent="0" textIndent="0" paragraphSpaceBefore="0" paragraphSpaceAfter="0" textAlign="left" textAlignLast="left" my_color="0D475955-58E7-4B2F-B4B9-E57E193CD486" my_paragraphStyle="955860A0-F139-4420-8B66-FBE15B46DDBF">
                <span color="#000000" trackingLeft="0" typographicCase="uppercase" lineHeight="100%" kerning="on" my_color="0D475955-58E7-4B2F-B4B9-E57E193CD486" textOverprint="false">%PREM_ADDRESS2%</span>
              </p>
              <p fontFamily="Arial_Regular" fontSize="10" color="#000000" trackingRight="0" typographicCase="default" baselineShift="0" direction="ltr" paragraphStartIndent="0" paragraphEndIndent="0" textIndent="0" paragraphSpaceBefore="0" paragraphSpaceAfter="0" textAlign="left" textAlignLast="left" my_color="0D475955-58E7-4B2F-B4B9-E57E193CD486" my_paragraphStyle="955860A0-F139-4420-8B66-FBE15B46DDBF">
                <span color="#000000" trackingLeft="0" typographicCase="uppercase" lineHeight="100%" kerning="on" my_color="0D475955-58E7-4B2F-B4B9-E57E193CD486" textOverprint="false">%PREM_CITY%%PREM_STATE%%PREM_POSTAL%</span>
              </p>
            </TextFlow>
          </textFlow>
        </item>
      </frames>
    </item>
    <item includeInOutputComputed="true" id="E3F47D59-4BA8-478E-A408-FA7721F64427" name="2" contentType="" explicitMarginLeft="12.7 mm" explicitMarginRight="12.7 mm" includeInOutput="true" marginBottom="12.7 mm" marginLeft="12.7 mm" marginRight="12.7 mm" marginTop="12.7 mm">
      <frameContentConstraints allowedBorderColors="" allowedCharacterStyles="" allowedFillColors="" allowedFonts="" allowedImageFitModes="" allowedParagraphStyles="" allowedTextColors="" fontInputType="numeric" fontPulldownValues="6;8;10;12;16;24;36;72" fontStepSize="1" hasAppliedConstraint="false" limitBorderColors="inherit" limitCharacterStyles="inherit" limitFillColors="inherit" limitFonts="inherit" limitFontSize="inherit" limitImageFitModes="inherit" limitParagraphStyles="inherit" limitTextColors="inherit" maxFontSize="5000" minFontSize="0.1" />
      <frames>
        <item id="831A2318-5174-4EDB-B442-305BC82DE56B" name="New Frame 4" altText="" blendMode="normal" contentBottom="0 in" contentHeight="10.9998 in" contentRight="0 in" contentWidth="8.4999 in" contentX="0 in" contentY="0 in" exportTag="" hasBorder="false" hasDropShadow="false" hasFill="false" height="10.9998 in" includeInMobileStory="true" isCell="false" isInline="false" layer="495FACB6-8316-4A2F-9890-897C48333A60" layerName="Layer 1" minHeight="0" minWidth="0" mobileStoryIndex="0" moveRegion="" preserveAspectRatio="false" rotatedBoundsPt="0;0;611.9927999999999;791.9856;" type="image" width="8.4999 in" wrapText="false" x="0 in" y="0 in" box="A2870D06-6DDA-A6A6-C108-F65E80C722D7" boxName="Full" boxBottom="true" boxLeft="true" boxRight="true" boxTop="true" clipHeight="10.9998 in" clipWidth="8.4998 in" clipX="0 in" clipY="0 in" displayQuality="" dynamicAssetProviderData="" dynamicAssetProviderID="" fitMode="proportional" fitPoint="center" hasClippingPath="false" hasContent="false" hasFrameClippingPath="false" imageFlip="" imgHeight="10.9998 in" imgRotation="0" imgWidth="8.4998 in" imgX="0.0001 in" imgY="0 in" initialPreviewQuality="low" manualFitConstraint="" numPages="48" pageNum="2" path="" placedAssetType="none" previewURL="" progressivePreviews="" realHeight="190.08" realHeightPixels="792" realResolution="300" realWidth="146.88" realWidthPixels="612" variable="8CCFA3E4-9FD3-520A-EC42-F65D87895303" variableName="Page 2">
          <frameContentConstraints allowedBorderColors="" allowedCharacterStyles="" allowedFillColors="" allowedFonts="" allowedImageFitModes="" allowedParagraphStyles="" allowedTextColors="" fontInputType="numeric" fontPulldownValues="6;8;10;12;16;24;36;72" fontStepSize="1" hasAppliedConstraint="false" limitBorderColors="inherit" limitCharacterStyles="inherit" limitFillColors="inherit" limitFonts="inherit" limitFontSize="inherit" limitImageFitModes="inherit" limitParagraphStyles="inherit" limitTextColors="inherit" maxFontSize="5000" minFontSize="0.1" />
          <boxes>
            <item id="A2870D06-6DDA-A6A6-C108-F65E80C722D7" name="Full" height="1" width="1" x="0" y="0" />
          </boxes>
          <metaData>
            <item id="74F39D05-C218-ECCA-18EF-F65E80C71221" name="Width (px)" value="612" />
            <item id="DA7958F0-8595-F096-4084-F65E80C7B95C" name="Height (px)" value="792" />
            <item id="8E877798-0271-366F-4775-F65E80C7AAD7" name="Pages" value="48" />
          </metaData>
        </item>
        <item id="9977973A-D1A7-8163-D38B-F6742090CF77" name="New Frame" altText="" blendMode="normal" contentBottom="0 in" contentHeight="2 in" contentRight="0 in" contentWidth="7.5042 in" contentX="0 in" contentY="0 in" exportTag="" fillColor="0B47877B-6CDE-47B1-821E-EA7C0523DB67" fillColorName="[White]" fillOverprint="false" hasBorder="false" hasDropShadow="false" hasFill="true" height="2 in" includeInMobileStory="true" isCell="false" isInline="false" layer="495FACB6-8316-4A2F-9890-897C48333A60" layerName="Layer 1" minHeight="0" minWidth="0" mobileStoryIndex="0" moveRegion="" preserveAspectRatio="false" rotatedBoundsPt="35.971199999999996;281.6927999999999;540.3024;144.00000000000003;" type="text" width="7.5042 in" wrapText="false" x="0.4996 in" y="3.9124 in" applyCopyFitting="false" copyFittingMaxLines="-1" autoGrowDirection="down" autoGrowFrame="true" autoGrowIncrement=".1 in" autoGrowMaximum="5000mm" autoGrowMinimum="2 in" autoGrowRestrictToPage="true" baseLineGridUseCustom="false" chainFirstFrame="9977973A-D1A7-8163-D38B-F6742090CF77" chainFirstFrameName="New Frame" chainLastFrame="9977973A-D1A7-8163-D38B-F6742090CF77" chainLastFrameName="New Frame" columnGap="5mm" columns="1" hasClippingPath="false" hasOverflow="false" hasTextStroke="false" ignoreWrap="false" isVariable="true" removeEmptyParagraphs="false" textLineGraphicsBack="&lt;items/&gt;" textLineGraphicsTop="&lt;items/&gt;" textLines="&lt;textLines&gt;&lt;line x=&quot;27.36&quot; y=&quot;0&quot; height=&quot;9.384765625&quot; width=&quot;35&quot;&gt;&lt;span x=&quot;0&quot; height=&quot;7.2802734375&quot; fontSize=&quot;10&quot; fontFamily=&quot;Arial_Regular&quot; y=&quot;0&quot; color=&quot;0D475955-58E7-4B2F-B4B9-E57E193CD486&quot; width=&quot;35&quot; charPositions=&quot;0;6.67;13.34;20.562;23.892;28.892;32.222;&quot; glyphIDs=&quot;36;51;49;11;86;12;29;&quot; glyphPositions=&quot;0;6.669922;13.339844;20.561523;23.891602;28.891602;32.22168;&quot;&gt;APN(s):&lt;/span&gt;&lt;/line&gt;&lt;line x=&quot;27.36&quot; y=&quot;12&quot; height=&quot;9.384765625&quot; width=&quot;32.2412109375&quot;&gt;&lt;span x=&quot;0&quot; height=&quot;7.2802734375&quot; fontSize=&quot;10&quot; fontFamily=&quot;Arial_Regular&quot; y=&quot;0&quot; color=&quot;0D475955-58E7-4B2F-B4B9-E57E193CD486&quot; width=&quot;32.2412109375&quot; charPositions=&quot;0;5.84;12.51;19.18;26.401;&quot; glyphIDs=&quot;31;36;51;49;33;&quot; glyphPositions=&quot;0;5.839844;12.509766;19.179688;26.401367;&quot;&gt;&amp;lt;APN&amp;gt;&lt;/span&gt;&lt;/line&gt;&lt;line x=&quot;27.36&quot; y=&quot;60&quot; height=&quot;9.384765625&quot; width=&quot;158.9794921875&quot;&gt;&lt;span x=&quot;0&quot; height=&quot;7.2802734375&quot; fontSize=&quot;10&quot; fontFamily=&quot;Arial_Regular&quot; y=&quot;0&quot; color=&quot;0D475955-58E7-4B2F-B4B9-E57E193CD486&quot; width=&quot;158.9794921875&quot; charPositions=&quot;0;5.562;11.123;16.123;21.685;24.463;30.024;35.586;38.364;40.586;46.147;48.926;51.704;57.266;62.827;65.605;68.384;73.945;76.167;78.389;83.95;91.172;93.394;98.955;104.517;107.295;112.295;117.856;123.418;128.979;131.758;136.758;140.088;142.31;147.871;152.871;156.201;&quot; glyphIDs=&quot;47;82;70;68;87;72;71;3;76;81;3;87;75;72;3;73;82;79;79;82;90;76;81;74;3;70;82;88;81;87;92;11;76;72;86;12;29;&quot; glyphPositions=&quot;0;5.561523;11.123047;16.123047;21.68457;24.462891;30.024414;35.585938;38.364258;40.585938;46.147461;48.925781;51.704102;57.265625;62.827148;65.605469;68.383789;73.945313;76.166992;78.388672;83.950195;91.171875;93.393555;98.955078;104.516602;107.294922;112.294922;117.856445;123.417969;128.979492;131.757813;136.757813;140.087891;142.30957;147.871094;152.871094;156.201172;&quot;&gt;Located in the following county(ies):&lt;/span&gt;&lt;/line&gt;&lt;line x=&quot;27.36&quot; y=&quot;72&quot; height=&quot;9.384765625&quot; width=&quot;43.3642578125&quot;&gt;&lt;span x=&quot;0&quot; height=&quot;7.2802734375&quot; fontSize=&quot;10&quot; fontFamily=&quot;Arial_Regular&quot; y=&quot;0&quot; color=&quot;0D475955-58E7-4B2F-B4B9-E57E193CD486&quot; width=&quot;43.3642578125&quot; charPositions=&quot;0;5.84;13.062;18.623;24.185;29.746;32.524;37.524;&quot; glyphIDs=&quot;31;38;82;88;81;87;92;33;&quot; glyphPositions=&quot;0;5.839844;13.061523;18.623047;24.18457;29.746094;32.524414;37.524414;&quot;&gt;&amp;lt;County&amp;gt;&lt;/span&gt;&lt;/line&gt;&lt;/textLines&gt;" textOnPath="false" verticalAlign="top">
          <frameConstraints hasAppliedConstraint="false" lockContent="inherit" lockDelete="inherit" lockFrameSettings="inherit" lockMoveHorizontal="inherit" lockMoveVertical="no" lockResizeHorizontal="inherit" lockResizeVertical="inherit" lockRotate="inherit" />
          <frameContentConstraints allowedBorderColors="" allowedCharacterStyles="" allowedFillColors="" allowedFonts="" allowedImageFitModes="" allowedParagraphStyles="" allowedTextColors="" fontInputType="numeric" fontPulldownValues="6;8;10;12;16;24;36;72" fontStepSize="1" hasAppliedConstraint="false" limitBorderColors="inherit" limitCharacterStyles="inherit" limitFillColors="inherit" limitFonts="inherit" limitFontSize="inherit" limitImageFitModes="inherit" limitParagraphStyles="inherit" limitTextColors="inherit" maxFontSize="5000" minFontSize="0.1" />
          <baseLineGridOptions relativeStart="frame_top" />
          <displayTextFlow>
            <TextFlow xmlns="http://ns.adobe.com/textLayout/2008" fontFamily="Arial_Regular" breakOpportunity="auto" columnCount="inherit" columnGap="inherit" columnWidth="inherit" fontLookup="embeddedCFF" lineBreak="inherit" paddingBottom="inherit" paddingLeft="inherit" paddingRight="inherit" paddingTop="inherit" renderingMode="cff" verticalAlign="inherit" whiteSpaceCollapse="preserve">
              <p fontFamily="Minion Pro_Regular" fontSize="12" color="#000000" trackingRight="0" typographicCase="default" baselineShift="0" lineHeight="120%" direction="ltr" alignToBaseLine="false" paragraphStartIndent="27.36" paragraphEndIndent="0" textIndent="0" paragraphSpaceBefore="0" paragraphSpaceAfter="0" textAlign="left" textAlignLast="left" my_paragraphStyle="" textOverprint="false">
                <span fontFamily="Arial_Regular" fontSize="10" lineHeight="120%">APN(s):<br />&lt;APN&gt;</span>
              </p>
              <p fontFamily="Minion Pro_Regular" fontSize="12" color="#000000" trackingRight="0" typographicCase="default" baselineShift="0" lineHeight="120%" direction="ltr" alignToBaseLine="false" paragraphStartIndent="27.36" paragraphEndIndent="0" textIndent="0" paragraphSpaceBefore="36" paragraphSpaceAfter="0" textAlign="left" textAlignLast="left" my_paragraphStyle="" textOverprint="false">
                <span fontFamily="Arial_Regular" fontSize="10" lineHeight="120%">Located in the following county(ies):<br />&lt;County&gt;</span>
              </p>
            </TextFlow>
          </displayTextFlow>
          <textFlow>
            <TextFlow xmlns="http://ns.adobe.com/textLayout/2008" fontFamily="Arial_Regular" breakOpportunity="auto" columnCount="inherit" columnGap="inherit" columnWidth="inherit" fontLookup="embeddedCFF" lineBreak="inherit" paddingBottom="inherit" paddingLeft="inherit" paddingRight="inherit" paddingTop="inherit" renderingMode="cff" verticalAlign="inherit" whiteSpaceCollapse="preserve">
              <p fontFamily="Minion Pro_Regular" fontSize="12" color="#000000" trackingRight="0" typographicCase="default" baselineShift="0" lineHeight="120%" alignToBaseLine="false" paragraphStartIndent="27.36" paragraphEndIndent="0" textIndent="0" paragraphSpaceBefore="0" paragraphSpaceAfter="0" textAlign="left" textAlignLast="left" my_paragraphStyle="" textOverprint="false">
                <span fontFamily="Arial_Regular" fontSize="10" lineHeight="120%">APN(s):<br />%APN_Formatted%</span>
              </p>
              <p fontFamily="Minion Pro_Regular" fontSize="12" color="#000000" trackingRight="0" typographicCase="default" baselineShift="0" lineHeight="120%" alignToBaseLine="false" paragraphStartIndent="27.36" paragraphEndIndent="0" textIndent="0" paragraphSpaceBefore="36" paragraphSpaceAfter="0" textAlign="left" textAlignLast="left" my_paragraphStyle="" textOverprint="false">
                <span fontFamily="Arial_Regular" fontSize="10" lineHeight="120%">Located in the following county(ies):<br />%County%</span>
              </p>
            </TextFlow>
          </textFlow>
        </item>
      </frames>
    </item>
  </pages>
  <paragraphStyles>
    <item id="188F360A-4418-4A93-962D-891B7676FFF1" name="[None]" alignToBaseLine="false" applyToNewFrames="false" applyToNewFramesAndPreserveLink="false" color="0D475955-58E7-4B2F-B4B9-E57E193CD486" colorName="[Black]" epubExportTag="" pdfExportTag="" textOverprint="false">
      <format color="#000000" />
      <indentSettings_1 active="false" bulletCharacter="•" paragraphStartIndent="10mm" textIndent="-5mm" />
      <indentSettings_2 active="false" bulletCharacter="•" paragraphStartIndent="10mm" textIndent="-5mm" />
      <indentSettings_3 active="false" bulletCharacter="•" paragraphStartIndent="10mm" textIndent="-5mm" />
      <indentSettings_4 active="false" bulletCharacter="•" paragraphStartIndent="10mm" textIndent="-5mm" />
      <indentSettings_5 active="false" bulletCharacter="•" paragraphStartIndent="10mm" textIndent="-5mm" />
    </item>
    <item id="955860A0-F139-4420-8B66-FBE15B46DDBF" name="Basic Paragraph" alignToBaseLine="false" applyToNewFrames="true" applyToNewFramesAndPreserveLink="false" color="0D475955-58E7-4B2F-B4B9-E57E193CD486" colorName="[Black]" epubExportTag="" pdfExportTag="" textOverprint="false">
      <format fontFamily="Minion Pro_Regular" fontSize="12" color="#000000" trackingRight="0" typographicCase="default" baselineShift="0" lineHeight="120%" paragraphStartIndent="0" paragraphEndIndent="0" textIndent="0" paragraphSpaceBefore="0" paragraphSpaceAfter="0" textAlign="left" textAlignLast="left" paragraphRules="" />
      <indentSettings_1 active="false" bulletCharacter="•" paragraphStartIndent="10mm" textIndent="-5mm" />
      <indentSettings_2 active="false" bulletCharacter="•" paragraphStartIndent="10mm" textIndent="-5mm" />
      <indentSettings_3 active="false" bulletCharacter="•" paragraphStartIndent="10mm" textIndent="-5mm" />
      <indentSettings_4 active="false" bulletCharacter="•" paragraphStartIndent="10mm" textIndent="-5mm" />
      <indentSettings_5 active="false" bulletCharacter="•" paragraphStartIndent="10mm" textIndent="-5mm" />
    </item>
    <item id="4D735A17-4E2C-4DC9-9F7C-0DC78354D881" name="Heading 1" alignToBaseLine="false" applyToNewFrames="false" applyToNewFramesAndPreserveLink="false" color="0D475955-58E7-4B2F-B4B9-E57E193CD486" colorName="[Black]" epubExportTag="" pdfExportTag="" textOverprint="false">
      <format fontFamily="Times New Roman_Bold" fontSize="12" color="#000000" trackingRight="0" typographicCase="uppercase" baselineShift="0" lineHeight="120%" paragraphStartIndent="0" paragraphEndIndent="0" textIndent="0" paragraphSpaceBefore="17.9997" paragraphSpaceAfter="11.9998" textAlign="left" textAlignLast="left" />
      <indentSettings_1 active="false" bulletCharacter="•" paragraphStartIndent="10mm" textIndent="-5mm" />
      <indentSettings_2 active="false" bulletCharacter="•" paragraphStartIndent="10mm" textIndent="-5mm" />
      <indentSettings_3 active="false" bulletCharacter="•" paragraphStartIndent="10mm" textIndent="-5mm" />
      <indentSettings_4 active="false" bulletCharacter="•" paragraphStartIndent="10mm" textIndent="-5mm" />
      <indentSettings_5 active="false" bulletCharacter="•" paragraphStartIndent="10mm" textIndent="-5mm" />
    </item>
    <item id="A0DE3AC3-33EA-4564-8635-A9A52B9CBAF2" name="Normal" alignToBaseLine="false" applyToNewFrames="false" applyToNewFramesAndPreserveLink="false" color="0D475955-58E7-4B2F-B4B9-E57E193CD486" colorName="[Black]" epubExportTag="" pdfExportTag="" textOverprint="false">
      <format fontFamily="Times New Roman_Regular" fontSize="12" color="#000000" trackingRight="0" typographicCase="default" baselineShift="0" lineHeight="120%" paragraphStartIndent="0" paragraphEndIndent="0" textIndent="0" paragraphSpaceBefore="0" paragraphSpaceAfter="0" textAlign="left" textAlignLast="left" />
      <indentSettings_1 active="false" bulletCharacter="•" paragraphStartIndent="10mm" textIndent="-5mm" />
      <indentSettings_2 active="false" bulletCharacter="•" paragraphStartIndent="10mm" textIndent="-5mm" />
      <indentSettings_3 active="false" bulletCharacter="•" paragraphStartIndent="10mm" textIndent="-5mm" />
      <indentSettings_4 active="false" bulletCharacter="•" paragraphStartIndent="10mm" textIndent="-5mm" />
      <indentSettings_5 active="false" bulletCharacter="•" paragraphStartIndent="10mm" textIndent="-5mm" />
    </item>
  </paragraphStyles>
  <preflightPreferences frameOutsidePage="warning" imageOutputResolution="warning" imageOutputResolutionType="bitmap" imageResize="ignore" imageResizeType="vector" maxResizePercentage="120" minOutputResolution="72" minResizePercentage="70" missingCharacter="warning" preventPdfGenerationOnErrors="true" preventSaveOnErrors="true" requiredVariable="warning" showWarningsOnSave="false" textOverflow="warning" />
  <preflightResults numErrors="0" numWarnings="0" />
  <variables defaultTextDirection="ltr" notes="">
    <item id="C76220F7-55AC-D76A-279C-F65C69C8DE82" name="Page 1" allowEditingInStoryMode="false" editInStoryModeOnly="false" storyAllowFont="false" storyAllowFontAlign="false" storyAllowFontBulletLists="false" storyAllowFontColor="false" storyAllowFontLineThrough="false" storyAllowFontPosition="false" storyAllowFontSize="false" storyAllowFontUnderLine="false" allowEditStyle="false" applyToSnippets="false" controlHeight="0" dataType="image" displayName="Page 1" displayValue="" imageAllowCrop="false" imageAllowCropManualCoordinates="false" imageAllowUpload="true" imageCropAllInstances="false" imageFromPulldown="true" imagePulldownDirectory="PGE\Letters\APN County\Uploads" imageShowPreview="false" imageSource="" imageSourcePanelProperties="&lt;panelcontrolproperties ignoreParent=&quot;false&quot; requiresReplacementOnDelete=&quot;false&quot; sortByName=&quot;false&quot; tag=&quot;&quot;&gt;&lt;skip&gt;XX&lt;/skip&gt;&lt;items/&gt;&lt;/panelcontrolproperties&gt;" imageUploadOnly="true" maxLength="0" maxLengthShowInForm="true" pushChangesToDataSource="false" removeParagraphIfEmpty="false" required="false" showInfoInline="false" textDirection="" value="" visible="true" dynamicAssetProvider="" dynamicAssetProviderValue="" noNewParagraphAfterFormattedText="false">
      <changeAction notes="" xml="&lt;action/&gt;" />
      <validationAction notes="" xml="&lt;action/&gt;" />
      <valueAction notes="" xml="&lt;action/&gt;" />
      <visibilityAction notes="" xml="&lt;action/&gt;" />
    </item>
    <item id="8CCFA3E4-9FD3-520A-EC42-F65D87895303" name="Page 2" allowEditingInStoryMode="false" editInStoryModeOnly="false" storyAllowFont="false" storyAllowFontAlign="false" storyAllowFontBulletLists="false" storyAllowFontColor="false" storyAllowFontLineThrough="false" storyAllowFontPosition="false" storyAllowFontSize="false" storyAllowFontUnderLine="false" allowEditStyle="false" applyToSnippets="false" controlHeight="0" dataType="image" displayName="Page 2" displayValue="" imageAllowCrop="false" imageAllowCropManualCoordinates="true" imageAllowUpload="true" imageCropAllInstances="false" imageFromPulldown="true" imagePulldownDirectory="PGE\Letters\APN County\Uploads" imageShowPreview="false" imageSource="" imageSourcePanelProperties="&lt;panelcontrolproperties ignoreParent=&quot;false&quot; requiresReplacementOnDelete=&quot;false&quot; sortByName=&quot;false&quot; tag=&quot;&quot;&gt;&lt;skip&gt;XX&lt;/skip&gt;&lt;items/&gt;&lt;/panelcontrolproperties&gt;" imageUploadOnly="true" maxLength="0" maxLengthShowInForm="true" pushChangesToDataSource="false" removeParagraphIfEmpty="false" required="false" showInfoInline="false" textDirection="" value="" visible="true" dynamicAssetProvider="" dynamicAssetProviderValue="" noNewParagraphAfterFormattedText="false">
      <changeAction notes="" xml="&lt;action/&gt;" />
      <validationAction notes="" xml="&lt;action/&gt;" />
      <valueAction notes="" xml="&lt;action/&gt;" />
      <visibilityAction notes="" xml="&lt;action/&gt;" />
    </item>
    <item id="EE7A4770-719B-8454-83A7-F669676AD7BC" name="CUSTOMER_NAME" allowEditingInStoryMode="false" editInStoryModeOnly="false" storyAllowFont="false" storyAllowFontAlign="false" storyAllowFontBulletLists="false" storyAllowFontColor="false" storyAllowFontLineThrough="false" storyAllowFontPosition="false" storyAllowFontSize="false" storyAllowFontUnderLine="false" allowEditStyle="false" applyToSnippets="false" controlHeight="0" dataType="string" displayName="CUSTOMER_NAME" displayValue="&lt;Full Name&gt;" maxLength="0" maxLengthShowInForm="true" pushChangesToDataSource="true" removeParagraphIfEmpty="false" required="false" showInfoInline="false" suffix="&#xA;OR CURRENT OCCUPANT" textDirection="" value="&lt;Full Name&gt;" visible="false" noNewParagraphAfterFormattedText="false">
      <changeAction notes="" xml="&lt;action returnType=&quot;&quot;&gt;&lt;line number=&quot;1&quot; type=&quot;if&quot; condition11=&quot;variable&quot; condition12=&quot;CUSTOMER_NAME&quot; condition13=&quot;value&quot; condition2Comparison=&quot;is&quot; condition21=&quot;string&quot; condition2Input=&quot;CURRENT RESIDENT&quot;/&gt;&lt;line number=&quot;2&quot; type=&quot;set&quot; setTarget1=&quot;variable&quot; setTarget2=&quot;CUSTOMER_NAME&quot; setTarget3=&quot;suffix&quot; setValue1=&quot;string&quot;/&gt;&lt;line number=&quot;3&quot; type=&quot;else if&quot; condition11=&quot;variable&quot; condition12=&quot;CUSTOMER_NAME&quot; condition13=&quot;value&quot; condition2Comparison=&quot;is&quot; condition21=&quot;string&quot; condition2Input=&quot;Current Resident&quot;/&gt;&lt;line number=&quot;4&quot; type=&quot;set&quot; setTarget1=&quot;variable&quot; setTarget2=&quot;CUSTOMER_NAME&quot; setTarget3=&quot;suffix&quot; setValue1=&quot;string&quot;/&gt;&lt;line number=&quot;5&quot; type=&quot;else&quot; condition11=&quot;variable&quot; condition12=&quot;CUSTOMER_NAME&quot; condition13=&quot;value&quot; condition2Comparison=&quot;is not&quot; condition21=&quot;string&quot; condition2Input=&quot;CURRENT RESIDENT&quot;/&gt;&lt;line number=&quot;6&quot; type=&quot;set&quot; setTarget1=&quot;variable&quot; setTarget2=&quot;CUSTOMER_NAME&quot; setTarget3=&quot;suffix&quot; setValue1=&quot;long string&quot; setValueInput=&quot;&#xA;OR CURRENT OCCUPANT&quot;/&gt;&lt;/action&gt;" />
      <validationAction notes="" xml="&lt;action/&gt;" />
      <valueAction notes="" xml="&lt;action/&gt;" />
      <visibilityAction notes="" xml="&lt;action/&gt;" />
    </item>
    <item id="99B38F57-F263-F23F-CEDD-F66968EE395E" name="PREM_ADDRESS1" allowEditingInStoryMode="false" editInStoryModeOnly="false" storyAllowFont="false" storyAllowFontAlign="false" storyAllowFontBulletLists="false" storyAllowFontColor="false" storyAllowFontLineThrough="false" storyAllowFontPosition="false" storyAllowFontSize="false" storyAllowFontUnderLine="false" allowEditStyle="false" applyToSnippets="false" controlHeight="0" dataType="string" displayName="PREM_ADDRESS1" displayValue="&lt;Address 1&gt;" maxLength="0" maxLengthShowInForm="true" pushChangesToDataSource="false" removeParagraphIfEmpty="false" required="false" showInfoInline="false" textDirection="" value="&lt;Address 1&gt;" visible="false" noNewParagraphAfterFormattedText="false">
      <changeAction notes="" xml="&lt;action/&gt;" />
      <validationAction notes="" xml="&lt;action/&gt;" />
      <valueAction notes="" xml="&lt;action/&gt;" />
      <visibilityAction notes="" xml="&lt;action/&gt;" />
    </item>
    <item id="13F4E9CD-8368-AF2F-A5B7-F6696B02273E" name="PREM_ADDRESS2" allowEditingInStoryMode="false" editInStoryModeOnly="false" storyAllowFont="false" storyAllowFontAlign="false" storyAllowFontBulletLists="false" storyAllowFontColor="false" storyAllowFontLineThrough="false" storyAllowFontPosition="false" storyAllowFontSize="false" storyAllowFontUnderLine="false" allowEditStyle="false" applyToSnippets="false" controlHeight="0" dataType="string" displayName="PREM_ADDRESS2" displayValue="&lt;Address 2&gt;" maxLength="0" maxLengthShowInForm="true" pushChangesToDataSource="false" removeParagraphIfEmpty="true" required="false" showInfoInline="false" textDirection="" value="&lt;Address 2&gt;" visible="false" noNewParagraphAfterFormattedText="false">
      <changeAction notes="" xml="&lt;action/&gt;" />
      <validationAction notes="" xml="&lt;action/&gt;" />
      <valueAction notes="" xml="&lt;action/&gt;" />
      <visibilityAction notes="" xml="&lt;action/&gt;" />
    </item>
    <item id="9D6BD002-D309-D13D-883D-F6696D4C6002" name="PREM_CITY" allowEditingInStoryMode="false" editInStoryModeOnly="false" storyAllowFont="false" storyAllowFontAlign="false" storyAllowFontBulletLists="false" storyAllowFontColor="false" storyAllowFontLineThrough="false" storyAllowFontPosition="false" storyAllowFontSize="false" storyAllowFontUnderLine="false" allowEditStyle="false" applyToSnippets="false" controlHeight="0" dataType="string" displayName="PREM_CITY" displayValue="&lt;City&gt;" maxLength="0" maxLengthShowInForm="true" pushChangesToDataSource="false" removeParagraphIfEmpty="false" required="false" showInfoInline="false" suffix=" " textDirection="" value="&lt;City&gt;" visible="false" noNewParagraphAfterFormattedText="false">
      <changeAction notes="" xml="&lt;action/&gt;" />
      <validationAction notes="" xml="&lt;action/&gt;" />
      <valueAction notes="" xml="&lt;action/&gt;" />
      <visibilityAction notes="" xml="&lt;action/&gt;" />
    </item>
    <item id="C6D8940A-9F97-6269-D4E1-F6696F91A435" name="PREM_STATE" allowEditingInStoryMode="false" editInStoryModeOnly="false" storyAllowFont="false" storyAllowFontAlign="false" storyAllowFontBulletLists="false" storyAllowFontColor="false" storyAllowFontLineThrough="false" storyAllowFontPosition="false" storyAllowFontSize="false" storyAllowFontUnderLine="false" allowEditStyle="false" applyToSnippets="false" controlHeight="0" dataType="string" displayName="PREM_STATE" displayValue="&lt;ST&gt;" maxLength="0" maxLengthShowInForm="true" pushChangesToDataSource="false" removeParagraphIfEmpty="false" required="false" showInfoInline="false" suffix="  " textDirection="" value="&lt;ST&gt;" visible="false" noNewParagraphAfterFormattedText="false">
      <changeAction notes="" xml="&lt;action/&gt;" />
      <validationAction notes="" xml="&lt;action/&gt;" />
      <valueAction notes="" xml="&lt;action/&gt;" />
      <visibilityAction notes="" xml="&lt;action/&gt;" />
    </item>
    <item id="F852D800-B506-BCDD-B2B4-F66971E227A5" name="PREM_POSTAL" allowEditingInStoryMode="false" editInStoryModeOnly="false" storyAllowFont="false" storyAllowFontAlign="false" storyAllowFontBulletLists="false" storyAllowFontColor="false" storyAllowFontLineThrough="false" storyAllowFontPosition="false" storyAllowFontSize="false" storyAllowFontUnderLine="false" allowEditStyle="false" applyToSnippets="false" controlHeight="0" dataType="string" displayName="PREM_POSTAL" displayValue="&lt;ZIP&gt;" maxLength="0" maxLengthShowInForm="true" pushChangesToDataSource="false" removeParagraphIfEmpty="false" required="false" showInfoInline="false" textDirection="" value="&lt;ZIP&gt;" visible="false" noNewParagraphAfterFormattedText="false">
      <changeAction notes="" xml="&lt;action/&gt;" />
      <validationAction notes="" xml="&lt;action/&gt;" />
      <valueAction notes="" xml="&lt;action/&gt;" />
      <visibilityAction notes="" xml="&lt;action/&gt;" />
    </item>
    <item id="8D7EB418-217C-1DEC-5383-F669742BD936" name="SEQUENCE_NUMBER" allowEditingInStoryMode="false" editInStoryModeOnly="false" storyAllowFont="false" storyAllowFontAlign="false" storyAllowFontBulletLists="false" storyAllowFontColor="false" storyAllowFontLineThrough="false" storyAllowFontPosition="false" storyAllowFontSize="false" storyAllowFontUnderLine="false" allowEditStyle="false" applyToSnippets="false" controlHeight="0" dataType="string" displayName="SEQUENCE_NUMBER" displayValue="" maxLength="0" maxLengthShowInForm="true" pushChangesToDataSource="false" removeParagraphIfEmpty="false" required="false" showInfoInline="false" textDirection="" value="" visible="false" noNewParagraphAfterFormattedText="false">
      <changeAction notes="" xml="&lt;action/&gt;" />
      <validationAction notes="" xml="&lt;action/&gt;" />
      <valueAction notes="" xml="&lt;action/&gt;" />
      <visibilityAction notes="" xml="&lt;action/&gt;" />
    </item>
    <item id="9F1AB591-832E-BE52-8993-F66976739962" name="BAR_CODE" allowEditingInStoryMode="false" editInStoryModeOnly="false" storyAllowFont="false" storyAllowFontAlign="false" storyAllowFontBulletLists="false" storyAllowFontColor="false" storyAllowFontLineThrough="false" storyAllowFontPosition="false" storyAllowFontSize="false" storyAllowFontUnderLine="false" allowEditStyle="false" applyToSnippets="false" controlHeight="0" dataType="string" displayName="BAR_CODE" displayValue="" maxLength="0" maxLengthShowInForm="true" pushChangesToDataSource="false" removeParagraphIfEmpty="false" required="false" showInfoInline="false" textDirection="" value="" visible="false" noNewParagraphAfterFormattedText="false">
      <changeAction notes="" xml="&lt;action/&gt;" />
      <validationAction notes="" xml="&lt;action/&gt;" />
      <valueAction notes="" xml="&lt;action/&gt;" />
      <visibilityAction notes="" xml="&lt;action/&gt;" />
    </item>
    <item id="80538840-D133-DB85-07AA-F675FF939A15" name="APN_Formatted" allowEditingInStoryMode="false" editInStoryModeOnly="false" storyAllowFont="false" storyAllowFontAlign="false" storyAllowFontBulletLists="false" storyAllowFontColor="false" storyAllowFontLineThrough="false" storyAllowFontPosition="false" storyAllowFontSize="false" storyAllowFontUnderLine="false" allowEditStyle="false" applyToSnippets="false" controlHeight="0" dataType="string" displayName="APN_Formatted" displayValue="&lt;APN&gt;" maxLength="0" maxLengthShowInForm="true" pushChangesToDataSource="false" removeParagraphIfEmpty="true" required="false" showInfoInline="false" textDirection="" value="&lt;APN&gt;" visible="false" noNewParagraphAfterFormattedText="false">
      <changeAction notes="" xml="&lt;action/&gt;" />
      <validationAction notes="" xml="&lt;action/&gt;" />
      <valueAction notes="" xml="&lt;action/&gt;" />
      <visibilityAction notes="" xml="&lt;action/&gt;" />
    </item>
    <item id="F1568CCD-15CF-1591-0081-F6768211C7E5" name="County" allowEditingInStoryMode="false" editInStoryModeOnly="false" storyAllowFont="false" storyAllowFontAlign="false" storyAllowFontBulletLists="false" storyAllowFontColor="false" storyAllowFontLineThrough="false" storyAllowFontPosition="false" storyAllowFontSize="false" storyAllowFontUnderLine="false" allowEditStyle="false" applyToSnippets="false" controlHeight="0" dataType="string" displayName="County" displayValue="&lt;County&gt;" maxLength="0" maxLengthShowInForm="true" pushChangesToDataSource="false" removeParagraphIfEmpty="true" required="false" showInfoInline="false" textDirection="" value="&lt;County&gt;" visible="false" noNewParagraphAfterFormattedText="false">
      <changeAction notes="" xml="&lt;action/&gt;" />
      <validationAction notes="" xml="&lt;action/&gt;" />
      <valueAction notes="" xml="&lt;action/&gt;" />
      <visibilityAction notes="" xml="&lt;action/&gt;" />
    </item>
  </variables>
  <viewPreferences allowCopyPasteShortcuts="true" allowPasteTextShortcuts="true" allowUndoRedoShortcuts="true" allowZoomShortCuts="true" autoSelectNewTexts="false" autoTextCursor="false" bgColor="16777215" bookMarginsX="20" bookMarginsY="20" bookViewAllowEditAnnotations="true" bookViewColumnWidth="300" bookViewCornerTease="true" bookViewHardCovers="false" bookViewIncludeAnnotations="true" bookViewIncludeLinks="true" bookViewLandScapeLayout="2A8B80A6-7891-12F9-4D99-F65A776DAE3F" bookViewLandScapeLayoutName="[Default]" bookViewNavigation="book" bookViewOpenOnFirstPage="true" bookViewPageSlope="true" bookViewPortraitLayout="2A8B80A6-7891-12F9-4D99-F65A776DAE3F" bookViewPortraitLayoutName="[Default]" bookViewShowSpreads="true" bookViewSpreadColFlow="2" bookViewTransitionActive="false" bookViewTransitionFinalURL="" bookViewTransitionInterval="5" bookViewTransitionLoop="true" bordersOnMouseOver="true" copyPasteForContent="" createBulletLists="true" customPlaceHolderText="Type here..." defaultColorType="CMYK" defaultImageFit="proportional" defaultRgbColorEditType="" displayQuality="highest" fillNewTextFrames="false" fontSizeIncrements="1" gridSize="10mm" gridX="0mm" gridY="0mm" progressivePreviews="false" initialPreviewQuality="low" initialZoom="fitpage" liveTextUpdates="true" marginBetweenSpreads="false" maxZoom="300" measurementUnit="in" minZoom="20" mouseWheelZooms="false" pageCanvasMarginX="90" pageCanvasMarginY="90" pageFitMarginX="18" pageFitMarginY="18" pageFlowColumns="calculate" pageMarginsX="25" pageMarginsY="25" pageMode="flow" pageVisibilityMode="show" repeatCustomPlaceHolderText="true" replaceContentOnDrag="true" rotateView="0" showBleed="true" showBookPageLabels="false" showBorders="true" showChain="true" showDocumentBaseLineGrid="false" showFrameHoverHighlight="false" showGrid="false" showHelp="true" showHelpLayers="false" showHiddenCharacters="false" showInset="true" showMargins="true" showMissingCharacters="true" showMoveRegions="true" showPageLabels="false" showPageRulers="false" showSections="true" showSlug="false" showTabRuler="true" showTextColumns="true" showTextFrameBaseLineGrid="false" showWarnings="true" snapFrameMinHeight="10" snapFrameMinWidth="10" snapGuideVisibility="500" snapSize="8" snapToGrid="false" snapToObjects="true" sourceView="false" superScriptOrdinals="true" useDefaultPlaceHolderText="true" viewMode="preview" wrapMargins="true" zoomShortCutIncrement="25">
    <annotationSettings allowEditOldAnnotations="true" allowEditOtherUsersAnnotations="true" backgroundColor="11184640" backgroundHoverColor="16776960" borderColor="0" showHover="true" showToolTips="true" visible="true" />
    <frameHandlePreferences cornerHandleBgColor="10079487" cornerHandleBorderColor="0" cornerHandleBorderWeight="0.5" cornerHandleType="circle" cornerHandleWidth="8" nudgeIncrement="1 mm" rotationHandleBgColor="10079487" rotationHandleBorderColor="0" rotationHandleBorderWeight="0.5" rotationHandleFromCenter="false" rotationHandleLocation="bottom_right" rotationHandleType="circle" rotationHandleWidth="10" allowInlinePositioning="false" showMoveHandle="false" showMoveHandleForText="true" showSwapContentHandle="false" sideHandleBgColor="10079487" sideHandleBorderColor="0" sideHandleBorderWeight="0.5" sideHandleType="rectangle" sideHandleWidth="6" transparent="false" />
    <linkSettings backgroundColor="255" backgroundColorRGB="255,255,255" backgroundHoverColor="65280" backgroundOpacity="25" baseURL="" showAutomaticToolTip="true" showBackground="true" showHover="true" showToolTips="true" />
    <spellCheckPreferences enabled="true" ignoreWordWithAllUpperCase="false" ignoreWordWithNumber="false" />
    <storyViewPreferences editWithFormatting="true" endUserCanToggle="false" highlightConditionColor="16711680" highlightConditions="true" highlightVariableColor="65280" highlightVariables="true" plainHiddenCharacterColor="255" plainTextBackground="14540253" plainTextColor="0" plainTextSize="14" />
  </viewPreferences>
</document>